Workbook

Sheet Title_Abstract_Screening
A1: Study ID | B1: Registar/Database | C1: Keywords | D1: Title | E1: Authors | F1: Year | G1: Reviewer 1 Decision | H1: Reviewer 2 Decision | I1: Conflict | J1: Final Decision
A2: S01 | B2: arXiv | C2: low-resource languages survey ; NLP survey | D2: A Breadth-First Catalog of Text Processing, Speech Processing and Multimodal Research in South Asian Languages | E2: Gupta, Pranav | F2: 2024 | G2: Include | H2: Include | I2: No | J2: Include
A3: S02 | B3: ACM Digital Library | C3: knowledge graph construction; knowledge extraction; survey | D3: A Comprehensive Survey on Automatic Knowledge Graph Construction | E3: Zhong, Lingfeng; Wu, Jia; Li, Qian; Peng, Hao; Wu, Xindong | F3: 2023 | G3: Include | H3: Include | I3: No | J3: Include
A4: S03 | B4: ACLWeb | C4: relation classification; multilingual; low-resource languages; distant supervision | D4: A Data Bootstrapping Recipe for Low-Resource Multilingual Relation Classification | E4: Nag, Arijit; Samanta, Bidisha; Mukherjee, Animesh; Ganguly, Niloy; Chakrabarti, Soumen | F4: 2021 | G4: Include | H4: Include | I4: No | J4: Include
A5: S04 | B5: ACLWeb | C5: knowledge graphs; natural language processing; knowledge extraction; survey | D5: A Decade of Knowledge Graphs in Natural Language Processing: A Survey | E5: Schneider, Phillip; Schopf, Tim; Vladika, Juraj; Galkin, Mikhail; Simperl, Elena; Matthes, Florian | F5: 2022 | G5: Include | H5: Include | I5: No | J5: Include
A6: S05 | B6: ACM Digital Library | C6: anaphora resolution;low-resources; coreference; | D6: A Detailed Study on Anaphora Resolution System for Asian Languages | E6: Prajapati, Priyanka; Goyal, Vishal; Kaur, Kawaljit | F6: 2024 | G6: Include | H6: Include | I6: No | J6: Include
A7: S06 | B7: ACLWeb | C7: entity extraction; relation extraction | D7: A Frustratingly Easy Approach for Entity and Relation Extraction | E7: Zhong, Zexuan; Chen, Danqi | F7: 2021 | G7: Include | H7: Include | I7: No | J7: Include
A8: S07 | B8: ACLWeb | C8: knowledge graph construction; entity extraction; relation extraction | D8: A High Precision Pipeline for Financial Knowledge Graph Construction | E8: Elhammadi, Sarah; V.S. Lakshmanan, Laks; Ng, Raymond; Simpson, Michael; Huai, Baoxing; Wang, Zhefeng; Wang, Lanjun | F8: 2020 | G8: Include | H8: Include | I8: No | J8: Include
A9: S08 | B9: IEEE Xplore | C9: anaphora resolution; Nepali; machine learning; low-resource languages | D9: A Machine Learning Approach to Anaphora Resolution in Nepali Language | E9: Senapati, Apurbalal; Poudyal, Arun; Adhikary, Prithwiraj; Kaushar, Sahana; Mahajan, Anmol; Nath Saha, Baidya | F9: 2020 | G9: Include | H9: Include | I9: No | J9: Include
A10: S09 | B10: ACLWeb | C10: triple extraction; table filling; joint entity and relation extraction | D10: A Novel Global Feature-Oriented Relational Triple Extraction Model based on Table Filling | E10: Ren, Feiliang; Zhang, Longhui; Yin, Shujuan; Zhao, Xiaofeng; Liu, Shilei; Li, Bochao; Liu, Yaduo | F10: 2021 | G10: Exclude | H10: Include | I10: Yes | J10: Include
A11: S10 | B11: ACM Digital Library | C11: knowledge graph | D11: A review on the reliability of knowledge graph: from a knowledge representation learning perspective | E11: Yang, Yunxiao; Chen, Jianting; Xiang, Yang | F11: 2024 | G11: Include | H11: Include | I11: No | J11: Include
A12: S100 | B12: ACLWeb | C12: open information extraction; multilingual | D12: Multiˆ2OIE: Multilingual Open Information Extraction Based on Multi-Head Attention with BERT | E12: Ro, Youngbin; Lee, Yukyung; Kang, Pilsung | F12: 2020 | G12: Include | H12: Include | I12: No | J12: Include
A13: S101 | B13: ACLWeb | C13: entity linking; multilingual | D13: Multilingual Autoregressive Entity Linking | E13: De Cao, Nicola; Wu, Ledell; Popat, Kashyap; Artetxe, Mikel; Goyal, Naman; Plekhanov, Mikhail; Zettlemoyer, Luke; Cancedda, Nicola; Riedel, Sebastian; Petroni, Fabio | F13: 2022 | G13: Include | H13: Include | I13: No | J13: Include
... A35: S121 | B35: ACLWeb | C35: Nepali; word embeddings; evaluation; NPVec1 | D35: NPVec1: Word Embeddings for Nepali - Construction and Evaluation | E35: Koirala, Pravesh; Niraula, Nobal B. | F35: 2021 | G35: Include | H35: Include | I35: No | J35: Include
A36: S122 | B36: ACLWeb | C36: rule-based information extraction | D36: Odinson: A Fast Rule-based Information Extraction Framework - ACL Anthology | F36: 2020 | G36: Exclude | H36: Exclude | I36: No | J36: Exclude
A37: S123 | B37: GoogleScholar | C37: open information extraction | D37: Open information extraction from the web | E37: Banko, Michele; Cafarella, Michael J.; Soderland, Stephen; Broadhead, Matt; Etzioni, Oren | F37: 2007 | G37: Include | H37: Include | I37: No | J37: Include
A38: S124 | B38: ACLWeb | C38: open information extraction; Wikipedia | D38: Open Information Extraction Using Wikipedia | F38: 2010 | G38: Exclude | H38: Exclude | I38: No | J38: Exclude
A39: S125 | B39: ACLWeb | C39: open information extraction | D39: Open Language Learning for Information Extraction | E39: Mausam; Schmitz, Michael; Soderland, Stephen; Bart, Robert; Etzioni, Oren | F39: 2012 | G39: Include | H39: Include | I39: No | J39: Include
A40: S126 | B40: ACLWeb | C40: open information extraction; OpenIE6; grid labeling; coordination analysis | D40: OpenIE6: Iterative Grid Labeling and Coordination Analysis for Open Information Extraction | E40: Kolluru, Keshav; Adlakha, Vaibhav; Aggarwal, Samarth; Mausam; Chakrabarti, Soumen | F40: 2020 | G40: Include | H40: Include | I40: No | J40: Include
A41: S127 | B41: GoogleScholar | C41: triple extraction; graph enrichment; large language models; prompting | D41: Organising Knowledge from Text: Prompt-Based Triple Extraction and Graph Enrichment with Large Language Models | G41: Exclude | H41: Exclude | I41: No | J41: Exclude
A42: S128 | B42: ACLWeb | C42: entity and relation extraction; packed levitated marker; span-based | D42: Packed Levitated Marker for Entity and Relation Extraction | E42: Ye, Deming; Lin, Yankai; Li, Peng; Sun, Maosong | F42: 2022 | G42: Include | H42: Include | I42: No | J42: Include
A43: S129 | B43: ACLWeb | C43: Nepali; parsing; Paninian framework; dependency grammar | D43: Parsing Techniques using Paninian Framework on Nepali Language | E43: Yajnik, Archit; Sharma, Dhanapati | F43: 2015 | G43: Include | H43: Include | I43: No | J43: Include
A44: S13 | B44: ACLWeb | C44: open information extraction; large language models; rule-based methods; survey | D44: A Survey on Open Information Extraction from Rule-based Model to Large Language Model | E44: Pai, Liu; Gao, Wenyang; Dong, Wenjie; Ai, Lin; Gong, Ziwei; Huang, Songfang; Zongsheng, Li; Hoque, Ehsan; Hirschberg, Julia; Zhang, Yue | F44: 2024 | G44: Include | H44: Include | I44: No | J44: Include
A45: S130 | B45: ACLWeb | C45: agricultural knowledge graph; multilingual query system; PooRaa-Agri | D45: PooRaa-Agri KG: An agricultural knowledge graph-based simplified multilingual query system | E45: Sivakumar, Nethraa; Srinivasan, Pooja; Kannan, Mrinalini; P, Vijayalakshmi; T, Nagarajan | F45: 2023 | G45: Exclude | H45: Exclude | I45: No | J45: Exclude
A46: S131 | B46: ACLWeb | C46: slot filling; relation extraction; position-aware attention; TACRED | D46: Position-aware Attention and Supervised Data Improve Slot Filling | E46: Zhang, Yuhao; Zhong, Victor; Chen, Danqi; Angeli, Gabor; Manning, Christopher D. | F46: 2017 | G46: Include | H46: Include | I46: No | J46: Include
A47: S132 | B47: GoogleScholar | C47: part-of-speech tagging; Nepali; ambiguity; neural network | D47: Probabilistic and Neural Network Based POS Tagging of Ambiguous Nepali text: A Comparative Study | E47: Pradhan, Ashish; Yajnik, Archit | F47: 2021 | G47: Include | H47: Include | I47: No | J47: Include
A48: S133 | B48: GoogleScholar | C48: named entity recognition; Nepali; prompt engineering; large language models | D48: Prompt Engineering for Nepali NER: Leveraging Hindi-Capable LLMs for Low-Resource Languages | E48: Yadav, Dipendra; Suravee, Sumaiya; Kemnitz, Stefan; Strauss, Tobias; Yordanova, Kristina | F48: 2025 | G48: Include | H48: Include | I48: No | J48: Include
A49: S134 | B49: GoogleScholar | C49: citation chaining | D49: Prompt-based Zero-shot Relation Extraction with Semantic Knowledge Augmentation | E49: Gong, Jiaying; Eldardiry, Hoda | F49: 2024 | G49: Include | H49: Include | I49: No | J49: Include
A50: S135 | B50: ACLWeb | C50: relation extraction; end-to-end; generative models; REBEL; seq2seq | D50: REBEL: Relation Extraction By End-to-end Language generation | E50: Huguet Cabot, Pere-Lluís; Navigli, Roberto | F50: 2021 | G50: Include | H50: Exclude | I50: Yes | J50: Include
A51: S136 | B51: ACLWeb | C51: relation extraction; multilingual dataset; RED-FM | D51: RED FM : a Filtered and Multilingual Relation Extraction Dataset | E51: Huguet Cabot, ‪Pere-Lluís; Tedeschi, Simone; Ngonga Ngomo, Axel-Cyrille; Navigli, Roberto | F51: 2023 | G51: Exclude | H51: Include | I51: Yes | J51: Exclude
A52: S137 | B52: ACM Digital Library | C52: knowledge graph completion; low-resource; adversarial network | D52: Relation Adversarial Network for Low Resource Knowledge Graph Completion | E52: Zhang, Ningyu; Deng, Shumin; Sun, Zhanlin; Chen, Jiaoyan; Zhang, Wei; Chen, Huajun | F52: 2020 | G52: Exclude | H52: Exclude | I52: No | J52: Exclude
A53: S138 | B53: GoogleScholar | C53: low-resource relation extraction; data generation; data selection | D53: Reliable Data Generation and Selection for Low-Resource Relation Extraction | E53: Yu, Junjie; Wang, Xing; Chen, Wenliang | F53: 2024 | G53: Exclude | H53: Exclude | I53: No | J53: Exclude
... A73: S156 | B73: ACLWeb | C73: entity disambiguation; knowledge graphs; large language models | D73: Knowledge Graphs for Enhancing Large Language Models in Entity Disambiguation | E73: Pons, Gerard; Bilalli, Besim; Queralt, Anna | F73: 2025 | G73: Include | H73: Include | I73: No | J73: Include
A74: S157 | B74: IEEE Xplore | C74: keyword generation; Nepali; graph-based extraction; LDA topic modelling | D74: Topic-Wide Keyword Generation From Nepali Documents Through Graph-Based Extraction and LDA Topic Models | E74: Shrestha, Sagar; Pokhrel, Sitaram; Adhikari, Smita | G74: Exclude | H74: Include | I74: Yes | J74: Exclude
A75: S158 | B75: GoogleScholar | C75: knowledge graph lifecycle; knowledge graph population; pipeline; commercial knowledge graph | D75: Towards a Knowledge Graph Lifecycle: A pipeline for the population of a commercial Knowledge Graph | E75: Simsek, Umutcan; Umbrich, Jurgen; Fensel, Dieter | G75: Exclude | H75: Exclude | I75: No | J75: Exclude
A76: S159 | B76: ACLWeb | C76: low-resource relation extraction; benchmark; empirical study | D76: Towards Realistic Low-resource Relation Extraction: A Benchmark with Empirical Baseline Study | E76: Xu, Xin; Chen, Xiang; Zhang, Ningyu; Xie, Xin; Chen, Xi; Chen, Huajun | F76: 2022 | G76: Exclude | H76: Exclude | I76: No | J76: Exclude
A77: S160 | B77: GoogleScholar | C77: knowledge graph construction; RML; mapping generation; large language models | D77: Towards self-configuring Knowledge Graph Construction Pipelines using LLMs - A Case Study with RML | E77: Hofer, Marvin; Frey, Johannes; Rahm, Erhard | F77: 2024 | G77: Exclude | H77: Exclude | I77: No | J77: Exclude
A78: S161 | B78: ACLWeb | C78: relation extraction; tree kernel; parse trees; convolution kernels | D78: Tree Kernel-Based Relation Extraction with Context-Sensitive Structured Parse Tree Information | E78: Zhou, GuoDong; Zhang, Min; Ji, Dong Hong; Zhu, QiaoMing | F78: 2007 | G78: Include | H78: Exclude | I78: Yes | J78: Include
A79: S162 | B79: ACLWeb | C79: joint entity and relation extraction; table-sequence encoders | D79: Two are Better than One: Joint Entity and Relation Extraction with Table-Sequence Encoders | E79: Wang, Jue; Lu, Wei | F79: 2020 | G79: Include | H79: Include | I79: No | J79: Include
A80: S163 | B80: ACLWeb | C80: joint relational triple extraction; unified representation; UniRel | D80: UniRel: Unified Representation and Interaction for Joint Relational Triple Extraction | E80: Tang, Wei; Xu, Benfeng; Zhao, Yuyue; Mao, Zhendong; Liu, Yifeng; Liao, Yong; Xie, Haiyong | F80: 2022 | G80: Exclude | H80: Include | I80: Yes | J80: Exclude
A81: S164 | B81: www.ijcai.org | C81: relation triplet extraction; low-resource; large language models; data generation | D81: Unleashing the power of Large Language Models for Low-Resource Relation Triplet Extraction by Structure-to-Text Data Generation | E81: Guo, Qian; Guo, Yi; Zhao, Jin | F81: 2026 | G81: Include | H81: Include | I81: No | J81: Include
A82: S165 | B82: ACLWeb | C82: relational triple extraction; in-context learning; tabular prompting | D82: Unlocking Instructive In-Context Learning with Tabular Prompting for Relational Triple Extraction | E82: Li, Guozheng; Ke, Wenjun; Wang, Peng; Xu, Zijie; Ji, Ke; Liu, Jiajun; Shang, Ziyu; Luo, Qiqing | F82: 2024 | G82: Exclude | H82: Exclude | I82: No | J82: Exclude
A83: S166 | B83: ACLWeb | C83: cross-lingual representation learning; XLM-R; multilingual; masked language models | D83: Unsupervised Cross-lingual Representation Learning at Scale | E83: Conneau, Alexis; Khandelwal, Kartikay; Goyal, Naman; Chaudhary, Vishrav; Wenzek, Guillaume; Guzmán, Francisco; Grave, Edouard; Ott, Myle; Zettlemoyer, Luke; Stoyanov, Veselin | F83: 2020 | G83: Exclude | H83: Include | I83: Yes | J83: Include
A84: S167 | B84: Zotero | C84: named entity disambiguation; unsupervised; low-resource domains | D84: Unsupervised Named Entity Disambiguation for Low Resource Domains | E84: Datta, Debarghya; Pramanik, Soumajit | F84: 2024 | G84: Include | H84: Exclude | I84: Yes | J84: Include
A85: S168 | B85: ACM Digital Library | C85: YAGO; knowledge base; taxonomy; schema.org | D85: YAGO 4.5: A Large and Clean Knowledge Base with a Rich Taxonomy | E85: Suchanek, Fabian M.; Alam, Mehwish; Bonald, Thomas; Chen, Lihu; Paris, Pierre-Henri; Soria, Jules | F85: 2024 | G85: Include | H85: Include | I85: No | J85: Include
A86: S169 | B86: GoogleScholar | C86: Wikidata; subsetting; knowledge graphs; evaluation | D86: Wikidata subsetting: Approaches, tools, and evaluation | E86: Hosseini Beghaeiraveri, Seyed Amir; Labra Gayo, Jose Emilio; Waagmeester, Andra; Ammar, Ammar; Gonzalez, Carolina; Slenter, Denise; Ul-Hasan, Sabah; Willighagen, Egon; McNeill, Fiona; Gray, Alasdair J.G. | F86: 2024 | G86: Include | H86: Include | I86: No | J86: Include
A87: S17 | B87: ACM Digital Library | C87: e-commerce; domain knowledge graph; knowledge graph construction; AliMe | D87: AliMeKG: Domain Knowledge Graph Construction and Application in E-commerce | E87: Li, Feng-Lin; Chen, Hehong; Xu, Guohai; Qiu, Tian; Ji, Feng; Zhang, Ji; Chen, Haiqing | F87: 2020 | G87: Include | H87: Include | I87: No | J87: Include
... A129: S56 | B129: ACLWeb | C129: entity linking; large language models; generative models | D129: EntGPT: Entity Linking with Generative Large Language Models | E129: Ding, Yifan; Poudel, Amrit; Zeng, Qingkai; Weninger, Tim; Veeramani, Balaji; Bhattacharya, Sanmitra | F129: 2025 | G129: Include | H129: Include | I129: No | J129: Include
A130: S57 | B130: GoogleScholar | C130: entity extraction; code-mixed text; Hindi-English; Tamil-English; social media | D130: Entity Extraction of Hindi-English and Tamil-English Code-Mixed Social Media Text | Springer Nature Link | G130: Exclude | H130: Exclude | I130: No | J130: Exclude
A131: S58 | B131: IEEE Xplore | C131: entity linking; deep learning; survey | D131: Entity Linking Meets Deep Learning: Techniques and Solutions | E131: Shen, Wei; Li, Yuhan; Liu, Yinan; Han, Jiawei; Wang, Jianyong; Yuan, Xiaojie | F131: 2023 | G131: Include | H131: Exclude | I131: Yes | J131: Exclude
A132: S59 | B132: GoogleScholar | C132: zero anaphora; null-object; Nepali English; second language | D132: Zero Anaphora in Nonnative Texts: Null-Object Anaphora in Nepali English | E132: Hartford, Beverly S. | F132: 1995 | G132: Exclude | H132: Exclude | I132: No | J132: Exclude
A133: S60 | B133: IEEE Xplore | C133: entity linking; knowledge base; survey; entity disambiguation | D133: Entity Linking with a Knowledge Base: Issues, Techniques, and Solutions | E133: Shen, Wei; Wang, Jianyong; Han, Jiawei | F133: 2015 | G133: Exclude | H133: Exclude | I133: No | J133: Exclude
A134: S61 | B134: ACM Digital Library | C134: entity linking; named entity recognition; Wikidata; systematic literature review | D134: Entity Linking with Wikidata: A Systematic Literature Review | E134: Scharpf, Philipp; Breitinger, Corinna; Spitz, Andreas; Meuschke, Norman; Greiner-Petter, André; Schubotz, Moritz; Gipp, Bela | F134: 2026 | G134: Exclude | H134: Exclude | I134: No | J134: Exclude
A135: S62 | B135: ACLWeb | C135: benchmark datasets; dataset quality; Turkish; low-resource languages | D135: Evaluating the Quality of Benchmark Datasets for Low-Resource Languages: A Case Study on Turkish | E135: Umutlu, Elif Ecem; Cengiz, Ayse Aysu; Sever, Ahmet Kaan; Erdem, Seyma; Aytan, Burak; Tufan, Busra; Topraksoy, Abdullah; Darıcı, Esra; Toraman, Cagri | F135: 2025 | G135: Include | H135: Include | I135: No | J135: Include
A136: S63 | B136: GoogleScholar | C136: knowledge graph construction; lexical patterns; Spanish; unstructured text | D136: Exploiting lexical patterns for knowledge graph construction from unstructured text in Spanish | E136: Rios-Alvarado, Ana B.; Martinez-Rodriguez, Jose L.; Garcia-Perez, Andrea G.; Guerrero-Melendez, Tania Y.; Lopez-Arevalo, Ivan; Gonzalez-Compean, Jose Luis | F136: 2023 | G136: Exclude | H136: Exclude | I136: No | J136: Exclude
A137: S64 | B137: ACM Digital Library | C137: named entity recognition; part-of-speech tagging; large language models; Nepali | D137: Exploring the Potential of Large Language Models (LLMs) for Low-resource Languages: A Study on Named-Entity Recognition (NER) and Part-Of-Speech (POS) Tagging for Nepali Language | E137: Subedi, Bipesh; Regmi, Sunil; Bal, Bal Krishna; Acharya, Praveen | F137: 2024 | G137: Include | H137: Include | I137: No | J137: Include
A138: S65 | B138: ACLWeb | C138: relation extraction; features; SVM; ACE | D138: Exploring Various Knowledge in Relation Extraction | E138: Zhou, GuoDong; Su, Jian; Zhang, Jie; Zhang, Min | F138: 2005 | G138: Exclude | H138: Exclude | I138: No | J138: Exclude
A139: S66 | B139: GoogleScholar | C139: knowledge graph construction; large language models; fine-tuning; prompting | D139: Fine-tuning or prompting on LLMs: evaluating knowledge graph construction task | E139: Ghanem, Hussam; Cruz, Christophe | F139: 2025 | G139: Exclude | H139: Exclude | I139: No | J139: Exclude
A140: S67 | B140: arXiv.org | C140: question answering; Sanskrit; knowledge graph construction | D140: Framework for Question-Answering in Sanskrit through Automated Construction of Knowledge Graphs | E140: Terdalkar, Hrishikesh; Bhattacharya, Arnab | F140: 2019 | G140: Exclude | H140: Exclude | I140: No | J140: Exclude
A141: S68 | B141: ACM Digital Library | C141: Freebase; knowledge graph; collaborative database | D141: Freebase: a collaboratively created graph database for structuring human knowledge | E141: Bollacker, Kurt; Evans, Colin; Paritosh, Praveen; Sturge, Tim; Taylor, Jamie | F141: 2008 | G141: Exclude | H141: Exclude | I141: No | J141: Exclude
A142: S69 | B142: GoogleScholar | C142: scholarly knowledge graph; natural language processing; machine learning | D142: Generating knowledge graphs by employing Natural Language Processing and Machine Learning techniques within the scholarly domain | E142: Dessì, Danilo; Osborne, Francesco; Reforgiato Recupero, Diego; Buscaldi, Davide; Motta, Enrico | F142: 2021 | G142: Exclude | H142: Exclude | I142: No | J142: Exclude
... A154: S81 | B154: IEEE Xplore | C154: information extraction; knowledge graph; Nepali | D154: Information Extraction from a Large Knowledge Graph in the Nepali Language | E154: Ghimire, Dadhi Ram; Panday, Sanjeeb Prasad; Shakya, Aman | F154: 2024 | G154: Include | H154: Include | I154: No | J154: Include
A155: S82 | B155: arXiv.org | C155: information extraction; text mining | D155: Information Extraction from Text | G155: Exclude | H155: Exclude | I155: No | J155: Exclude
A156: S83 | B156: arXiv.org | C156: incremental knowledge graph construction; large language models; iText2KG | D156: iText2KG: Incremental Knowledge Graphs Construction Using Large Language Models | E156: Lairgi, Yassir; Moncla, Ludovic; Cazabet, Rémy; Benabdeslem, Khalid; Cléau, Pierre | F156: 2024 | G156: Exclude | H156: Include | I156: Yes | J156: Exclude
A157: S84 | B157: ACM Digital Library | C157: knowledge base population; entity linking; relation linking; KBPearl | D157: KBPearl: a knowledge base population system supported by joint entity and relation linking | E157: Lin, Xueling; Li, Haoyang; Xin, Hao; Li, Zijian; Chen, Lei | F157: 2020 | G157: Exclude | H157: Exclude | I157: No | J157: Exclude
A158: S85 | B158: ACM Digital Library | C158: relation extraction; kernel methods; shallow parsing | D158: Kernel methods for relation extraction | E158: Zelenko, Dmitry; Aone, Chinatsu; Richardella, Anthony | F158: 2003 | G158: Exclude | H158: Exclude | I158: No | J158: Exclude
A159: S86 | B159: ACLWeb | C159: knowledge extraction; Hindi; information extraction | D159: Knowledge Extraction from Hindi Text: IETE Technical Review | G159: Exclude | H159: Exclude | I159: No | J159: Exclude
A160: S87 | B160: GoogleScholar | C160: knowledge graph construction; knowledge extraction; evaluation | D160: Knowledge Graph Construction: Extraction, Learning, and Evaluation | E160: Choi, Seungmin; Jung, Yuchul | F160: 2025 | G160: Exclude | H160: Exclude | I160: No | J160: Exclude
A161: S88 | B161: ACM Digital Library | C161: knowledge graphs; survey; knowledge representation; graph data models | D161: Knowledge Graphs | E161: Hogan, Aidan; Blomqvist, Eva; Cochez, Michael; D’amato, Claudia; Melo, Gerard De; Gutierrez, Claudio; Kirrane, Sabrina; Gayo, José Emilio Labra; Navigli, Roberto; Neumaier, Sebastian; Ngomo, Axel-Cyrille Ngonga; Polleres, Axel; Rashid, Sabbir M.; Rula, Anisa; Schmelzeisen, Lukas; Sequeda, Juan; Staab, Steffen; Zimmermann, Antoine | F161: 2021 | G161: Include | H161: Include | I161: No | J161: Include
A162: S89 | B162: ACLWeb | C162: Indic language Benchmark; low-resource language | D162: Towards Leaving No Indic Language Behind: Building Monolingual Corpora, Benchmark and Models for Indic Languages | E162: Sumanth Doddapaneni, Rahul Aralikatte, Gowtham Ramesh, Shreya Goyal, Mitesh M. Khapra, Anoop Kunchukuttan, Pratyush Kumar | F162: 2023 | G162: Include | H162: Include | I162: No | J162: Include
A163: S90 | B163: ACLWeb | C163: knowledge graph; large language models; multi-modal data; building health | D163: Large language Models-empowered automatic knowledge graph development based on multi-modal data for building health resilience | G163: Exclude | H163: Exclude | I163: No | J163: Exclude
A164: S91 | B164: GoogleScholar | C164: distant supervision; relation extraction rules; web | D164: Large-Scale Learning of Relation-Extraction Rules with Distant Supervision from the Web | Springer Nature Link | F164: 2012 | G164: Exclude | H164: Exclude | I164: No | J164: Exclude
A165: S92 | B165: ACLWeb | C165: machine translation evaluation; LLM-based evaluation; Sylheti; low-resource languages | D165: LLM-Based Evaluation of Low-Resource Machine Translation: A Reference-less Dialect Guided Approach with a Refined Sylheti-English Benchmark | E165: Rahman, Md Atiqur; Islam, Sabrina; Omi, Mushfiqul Haque | F165: 2025 | G165: Exclude | H165: Include | I165: Yes | J165: Exclude
A166: S93 | B166: arXiv.org | C166: knowledge graph construction; large language models; survey | D166: LLM-empowered knowledge graph construction: A survey | E166: Bian, Haonan | F166: 2025 | G166: Include | H166: Include | I166: No | J166: Include
A167: S94 | B167: arXiv.org | C167: large language models; ontology learning | D167: LLMs4Life: Large Language Models for Ontology Learning in Life Sciences | E167: Fathallah, Nadeen; Staab, Steffen; Algergawy, Alsayed | F167: 2024 | G167: Include | H167: Include | I167: No | J167: Include
A168: S95 | B168: ACLWeb | C168: Maithili; BERT; pre-training corpus; low-resource languages | D168: MaiBERT: A Pre-training Corpus and Language Model for Low-Resourced Maithili Language | E168: Yadav, Sumit; Yadav, Raju Kumar; Maskey, Utsav; Kashyap, Gautam Siddharth; Gautam, Ganesh; Naseem, Usman | F168: 2026 | G168: Include | H168: Exclude | I168: Yes | J168: Exclude
A169: S96 | B169: ACLWeb | C169: Nepali; dependency treebank; Universal Dependencies; treebank conversion | D169: Mapping of the Nepali Dependency Treebank to Universal Dependencies | E169: Rai, Pooja; Das, Ayan; Chatterji, Sanjay | F169: 2025 | G169: Include | H169: Include | I169: No | J169: Include
A170: S97 | B170: ACLWeb | C170: open information extraction; large language models; consistent reasoning | D170: Mastering the Task of Open Information Extraction with Large Language Models and Consistent Reasoning Environment | E170: Qi, Ji; Ji, Kaixuan; Wang, Xiaozhi; Yu, Jifan; Zeng, Kaisheng; Hou, Lei; Li, Juanzi; Xu, Bin | F170: 2023 | G170: Include | H170: Include | I170: No | J170: Include
A171: S98 | B171: GoogleScholar | C171: relation extraction; meta in-context learning; zero-shot; few-shot | D171: Meta In-Context Learning Makes Large Language Models Better Zero and Few-Shot Relation Extractors | E171: Li, Guozheng; Wang, Peng; Liu, Jiajun; Guo, Yikai; Ji, Ke; Shang, Ziyu; Xu, Zijie | F171: 2024 | G171: Exclude | H171: Exclude | I171: No | J171: Exclude
A172: S99 | B172: GoogleScholar | C172: relation extraction; distant supervision; latent variable model; weak supervision | D172: Modeling Relations and Their Mentions without Labeled Text | E172: Riedel, Sebastian; Yao, Limin; McCallum, Andrew | F172: 2010 | G172: Include | H172: Include | I172: No | J172: Include

Sheet Full_Text_Screening
A1: Study ID | B1: Registar/Database | C1: Keywords | D1: Title | E1: Authors | F1: Year | G1: Reviewer 1 Decision | H1: Reviewer 2 Decision | I1: Conflict | J1: Final Decision | K1: Exclusion Reason
A2: S01 | B2: arXiv | C2: low-resource languages survey ; NLP survey | D2: A Breadth-First Catalog of Text Processing, Speech Processing and Multimodal Research in South Asian Languages | E2: Gupta, Pranav | F2: 2024 | G2: Include | H2: Include | I2: No | J2: Include
A3: S02 | B3: ACM Digital Library | C3: knowledge graph construction; knowledge extraction; survey | D3: A Comprehensive Survey on Automatic Knowledge Graph Construction | E3: Zhong, Lingfeng; Wu, Jia; Li, Qian; Peng, Hao; Wu, Xindong | F3: 2023 | G3: Include | H3: Include | I3: No | J3: Include
A4: S03 | B4: ACLWeb | C4: relation classification; multilingual; low-resource languages; distant supervision | D4: A Data Bootstrapping Recipe for Low-Resource Multilingual Relation Classification | E4: Nag, Arijit; Samanta, Bidisha; Mukherjee, Animesh; Ganguly, Niloy; Chakrabarti, Soumen | F4: 2021 | G4: Include | H4: Include | I4: No | J4: Include
A5: S04 | B5: ACLWeb | C5: knowledge graphs; natural language processing; knowledge extraction; survey | D5: A Decade of Knowledge Graphs in Natural Language Processing: A Survey | E5: Schneider, Phillip; Schopf, Tim; Vladika, Juraj; Galkin, Mikhail; Simperl, Elena; Matthes, Florian | F5: 2022 | G5: Include | H5: Include | I5: No | J5: Include
A6: S05 | B6: ACM Digital Library | C6: anaphora resolution;low-resources; coreference; | D6: A Detailed Study on Anaphora Resolution System for Asian Languages | E6: Prajapati, Priyanka; Goyal, Vishal; Kaur, Kawaljit | F6: 2024 | G6: Exclude | H6: Include | I6: Yes | J6: Exclude
A7: S06 | B7: ACLWeb | C7: entity extraction; relation extraction | D7: A Frustratingly Easy Approach for Entity and Relation Extraction | E7: Zhong, Zexuan; Chen, Danqi | F7: 2021 | G7: Include | H7: Include | I7: No | J7: Include
A8: S07 | B8: ACLWeb | C8: knowledge graph construction; entity extraction; relation extraction | D8: A High Precision Pipeline for Financial Knowledge Graph Construction | E8: Elhammadi, Sarah; V.S. Lakshmanan, Laks; Ng, Raymond; Simpson, Michael; Huai, Baoxing; Wang, Zhefeng; Wang, Lanjun | F8: 2020 | G8: Exclude | H8: Exclude | I8: No | J8: Exclude
A9: S08 | B9: IEEE Xplore | C9: anaphora resolution; Nepali; machine learning; low-resource languages | D9: A Machine Learning Approach to Anaphora Resolution in Nepali Language | E9: Senapati, Apurbalal; Poudyal, Arun; Adhikary, Prithwiraj; Kaushar, Sahana; Mahajan, Anmol; Nath Saha, Baidya | F9: 2020 | G9: Include | H9: Include | I9: No | J9: Include
A10: S09 | B10: ACLWeb | C10: triple extraction; table filling; joint entity and relation extraction | D10: A Novel Global Feature-Oriented Relational Triple Extraction Model based on Table Filling | E10: Ren, Feiliang; Zhang, Longhui; Yin, Shujuan; Zhao, Xiaofeng; Liu, Shilei; Li, Bochao; Liu, Yaduo | F10: 2021 | G10: Exclude | H10: Include | I10: Yes | J10: Exclude
A11: S10 | B11: ACM Digital Library | C11: knowledge graph | D11: A review on the reliability of knowledge graph: from a knowledge representation learning perspective | E11: Yang, Yunxiao; Chen, Jianting; Xiang, Yang | F11: 2024 | G11: Exclude | H11: Exclude | I11: No | J11: Exclude
A12: S100 | B12: ACLWeb | C12: open information extraction; multilingual | D12: Multiˆ2OIE: Multilingual Open Information Extraction Based on Multi-Head Attention with BERT | E12: Ro, Youngbin; Lee, Yukyung; Kang, Pilsung | F12: 2020 | G12: Include | H12: Include | I12: No | J12: Include
A13: S101 | B13: ACLWeb | C13: entity linking; multilingual | D13: Multilingual Autoregressive Entity Linking | E13: De Cao, Nicola; Wu, Ledell; Popat, Kashyap; Artetxe, Mikel; Goyal, Naman; Plekhanov, Mikhail; Zettlemoyer, Luke; Cancedda, Nicola; Riedel, Sebastian; Petroni, Fabio | F13: 2022 | G13: Include | H13: Include | I13: No | J13: Include
... A114: S99 | B114: GoogleScholar | C114: relation extraction; distant supervision; latent variable model; weak supervision | D114: Modeling Relations and Their Mentions without Labeled Text | E114: Riedel, Sebastian; Yao, Limin; McCallum, Andrew | F114: 2010 | G114: Include | H114: Include | I114: No | J114: Include

Sheet Cohen_Kappa
A1: Inter-Annotator Agreement: Cohen's Kappa (Reviewer 1 vs Reviewer 2)
A2: All counts are live COUNTIFS formulas on the screening sheets (columns G and H), so they update if decisions change.
A4: Task 1: Title & Abstract Screening
B5: R2: Include | C5: R2: Exclude | D5: Total
A6: R1: Include | B6: =COUNTIFS(Title_Abstract_Screening!$G$2:$G$172,"Include",Title_Abstract_Screening!$H$2:$H$172,"Include") -> 103 | C6: =COUNTIFS(Title_Abstract_Screening!$G$2:$G$172,"Include",Title_Abstract_Screening!$H$2:$H$172,"Exclude") -> 11 | D6: =SUM(B6:C6) -> 114
A7: R1: Exclude | B7: =COUNTIFS(Title_Abstract_Screening!$G$2:$G$172,"Exclude",Title_Abstract_Screening!$H$2:$H$172,"Include") -> 9 | C7: =COUNTIFS(Title_Abstract_Screening!$G$2:$G$172,"Exclude",Title_Abstract_Screening!$H$2:$H$172,"Exclude") -> 48 | D7: =SUM(B7:C7) -> 57
A8: Total | B8: =SUM(B6:B7) -> 112 | C8: =SUM(C6:C7) -> 59 | D8: =SUM(D6:D7) -> 171
A10: N (studies rated by both) | B10: =D8 -> 171
A11: Observed agreement (Po) | B11: =(B6+C7)/D8 -> 0.88304094
A12: Expected agreement by chance (Pe) | B12: =(D6*B8+D7*C8)/D8^2 -> 0.55165692
A13: Cohen's Kappa | B13: =(B11-B12)/(1-B12) -> 0.73913043
A16: Task 2: Full-Text Screening
B17: R2: Include | C17: R2: Exclude | D17: Total
A18: R1: Include | B18: =COUNTIFS(Full_Text_Screening!$G$2:$G$114,"Include",Full_Text_Screening!$H$2:$H$114,"Include") -> 88 | C18: =COUNTIFS(Full_Text_Screening!$G$2:$G$114,"Include",Full_Text_Screening!$H$2:$H$114,"Exclude") -> 2 | D18: =SUM(B18:C18) -> 90
A19: R1: Exclude | B19: =COUNTIFS(Full_Text_Screening!$G$2:$G$114,"Exclude",Full_Text_Screening!$H$2:$H$114,"Include") -> 7 | C19: =COUNTIFS(Full_Text_Screening!$G$2:$G$114,"Exclude",Full_Text_Screening!$H$2:$H$114,"Exclude") -> 16 | D19: =SUM(B19:C19) -> 23
A20: Total | B20: =SUM(B18:B19) -> 95 | C20: =SUM(C18:C19) -> 18 | D20: =SUM(D18:D19) -> 113
A22: N (studies rated by both) | B22: =D20 -> 113
A23: Observed agreement (Po) | B23: =(B18+C19)/D20 -> 0.92035398
A24: Expected agreement by chance (Pe) | B24: =(D18*B20+D19*C20)/D20^2 -> 0.70201269
A25: Cohen's Kappa | B25: =(B23-B24)/(1-B24) -> 0.73272011
A30: Kappa = (Po - Pe) / (1 - Pe)
